-- ============================================================
-- GYM SYSTEM - SAMPLE DATA
-- Run this in Supabase SQL Editor AFTER running schema.sql
-- ============================================================

-- ===================== MEMBERSHIP PLANS =====================
INSERT INTO membership_plans (plan_id, plan_name, duration_months, plan_class, default_price_pkr) VALUES
  ('a1b2c3d4-0001-0001-0001-000000000001', 'Monthly',     1,  'Class 1 - Machines Only',            2000),
  ('a1b2c3d4-0001-0001-0001-000000000002', 'Quarterly',   3,  'Class 1 - Machines Only',            5500),
  ('a1b2c3d4-0001-0001-0001-000000000003', 'Half-Yearly', 6,  'Class 1 - Machines Only',           10000),
  ('a1b2c3d4-0001-0001-0001-000000000004', 'Yearly',      12, 'Class 1 - Machines Only',           18000),
  ('a1b2c3d4-0002-0002-0002-000000000005', 'Monthly',     1,  'Class 2 - Machines + Electric',      3000),
  ('a1b2c3d4-0002-0002-0002-000000000006', 'Quarterly',   3,  'Class 2 - Machines + Electric',      8000),
  ('a1b2c3d4-0002-0002-0002-000000000007', 'Half-Yearly', 6,  'Class 2 - Machines + Electric',     15000),
  ('a1b2c3d4-0002-0002-0002-000000000008', 'Yearly',      12, 'Class 2 - Machines + Electric',     27000);

-- ===================== MEMBERS =====================
INSERT INTO members (member_id, name, phone_number, join_date, status) VALUES
  ('GYM-MEMBER-000001', 'Ahmed Hassan',      '+923001234567', '2025-01-05', 'active'),
  ('GYM-MEMBER-000002', 'Bilal Akhtar',      '+923111234568', '2025-01-10', 'active'),
  ('GYM-MEMBER-000003', 'Usman Tariq',       '+923211234569', '2025-01-15', 'active'),
  ('GYM-MEMBER-000004', 'Farhan Siddiqui',   '+923311234570', '2025-02-01', 'active'),
  ('GYM-MEMBER-000005', 'Zain Malik',        '+923411234571', '2025-02-10', 'active'),
  ('GYM-MEMBER-000006', 'Hamza Sheikh',      '+923051234572', '2025-02-14', 'active'),
  ('GYM-MEMBER-000007', 'Saad Rehman',       '+923061234573', '2025-03-01', 'active'),
  ('GYM-MEMBER-000008', 'Ali Raza',          '+923071234574', '2025-03-05', 'active'),
  ('GYM-MEMBER-000009', 'Omar Farooq',       '+923081234575', '2025-03-10', 'inactive'),
  ('GYM-MEMBER-000010', 'Kamran Baig',       '+923091234576', '2025-03-15', 'active'),
  ('GYM-MEMBER-000011', 'Hassan Nawaz',      '+923151234577', '2025-04-01', 'active'),
  ('GYM-MEMBER-000012', 'Imran Chaudhry',    '+923161234578', '2025-04-10', 'active'),
  ('GYM-MEMBER-000013', 'Nabeel Qureshi',    '+923171234579', '2025-05-01', 'active'),
  ('GYM-MEMBER-000014', 'Shahzaib Khan',     '+923181234580', '2025-05-15', 'active'),
  ('GYM-MEMBER-000015', 'Talha Javed',       '+923191234581', '2025-06-01', 'active'),
  ('GYM-MEMBER-000016', 'Waqas Hussain',     '+923211234582', '2025-06-10', 'active'),
  ('GYM-MEMBER-000017', 'Yasir Mehmood',     '+923221234583', '2025-07-01', 'active'),
  ('GYM-MEMBER-000018', 'Asad Mirza',        '+923231234584', '2025-07-15', 'active'),
  ('GYM-MEMBER-000019', 'Faisal Iqbal',      '+923241234585', '2025-08-01', 'inactive'),
  ('GYM-MEMBER-000020', 'Rizwan Anwar',      '+923251234586', '2025-08-10', 'active');

-- ===================== SUBSCRIPTIONS =====================
INSERT INTO subscriptions (subscription_id, member_id, plan_id, start_date, end_date, price_paid) VALUES
  ('00000001-0000-0000-0000-000000000001', 'GYM-MEMBER-000001', 'a1b2c3d4-0002-0002-0002-000000000008', '2025-01-05', '2026-01-04', 27000),
  ('00000002-0000-0000-0000-000000000002', 'GYM-MEMBER-000002', 'a1b2c3d4-0001-0001-0001-000000000003', '2025-01-10', '2025-07-09', 10000),
  ('00000002-0000-0000-0000-000000000003', 'GYM-MEMBER-000002', 'a1b2c3d4-0001-0001-0001-000000000003', '2025-07-10', '2026-01-08', 10000),
  ('00000003-0000-0000-0000-000000000004', 'GYM-MEMBER-000003', 'a1b2c3d4-0002-0002-0002-000000000006', '2025-01-15', '2025-04-14', 8000),
  ('00000003-0000-0000-0000-000000000005', 'GYM-MEMBER-000003', 'a1b2c3d4-0002-0002-0002-000000000006', '2025-04-15', '2025-07-14', 8000),
  ('00000003-0000-0000-0000-000000000006', 'GYM-MEMBER-000003', 'a1b2c3d4-0002-0002-0002-000000000006', '2025-07-15', '2025-10-13', 8000),
  ('00000003-0000-0000-0000-000000000007', 'GYM-MEMBER-000003', 'a1b2c3d4-0002-0002-0002-000000000006', '2025-10-14', '2026-01-12', 8000),
  ('00000004-0000-0000-0000-000000000008', 'GYM-MEMBER-000004', 'a1b2c3d4-0001-0001-0001-000000000004', '2025-02-01', '2026-01-31', 18000),
  ('00000005-0000-0000-0000-000000000009', 'GYM-MEMBER-000005', 'a1b2c3d4-0002-0002-0002-000000000005', '2025-02-10', '2025-03-09', 3000),
  ('00000005-0000-0000-0000-000000000010', 'GYM-MEMBER-000005', 'a1b2c3d4-0002-0002-0002-000000000005', '2025-12-01', '2025-12-31', 3000),
  ('00000005-0000-0000-0000-000000000011', 'GYM-MEMBER-000005', 'a1b2c3d4-0002-0002-0002-000000000005', '2026-02-01', '2026-02-28', 3000),
  ('00000006-0000-0000-0000-000000000012', 'GYM-MEMBER-000006', 'a1b2c3d4-0001-0001-0001-000000000002', '2025-12-14', '2026-03-12', 5500),
  ('00000007-0000-0000-0000-000000000013', 'GYM-MEMBER-000007', 'a1b2c3d4-0002-0002-0002-000000000007', '2025-09-01', '2026-02-27', 15000),
  ('00000008-0000-0000-0000-000000000014', 'GYM-MEMBER-000008', 'a1b2c3d4-0001-0001-0001-000000000001', '2026-02-05', '2026-03-04', 2000),
  ('00000009-0000-0000-0000-000000000015', 'GYM-MEMBER-000009', 'a1b2c3d4-0001-0001-0001-000000000001', '2025-03-10', '2025-04-09', 2000),
  ('00000010-0000-0000-0000-000000000016', 'GYM-MEMBER-000010', 'a1b2c3d4-0002-0002-0002-000000000008', '2025-03-15', '2026-03-14', 27000),
  ('00000011-0000-0000-0000-000000000017', 'GYM-MEMBER-000011', 'a1b2c3d4-0001-0001-0001-000000000003', '2025-10-01', '2026-03-31', 10000),
  ('00000012-0000-0000-0000-000000000018', 'GYM-MEMBER-000012', 'a1b2c3d4-0002-0002-0002-000000000006', '2025-10-10', '2026-01-08', 8000),
  ('00000013-0000-0000-0000-000000000019', 'GYM-MEMBER-000013', 'a1b2c3d4-0001-0001-0001-000000000001', '2026-02-28', '2026-03-27', 2000),
  ('00000014-0000-0000-0000-000000000020', 'GYM-MEMBER-000014', 'a1b2c3d4-0002-0002-0002-000000000005', '2026-01-15', '2026-02-14', 3000),
  ('00000015-0000-0000-0000-000000000021', 'GYM-MEMBER-000015', 'a1b2c3d4-0001-0001-0001-000000000004', '2025-06-01', '2026-05-31', 18000),
  ('00000016-0000-0000-0000-000000000022', 'GYM-MEMBER-000016', 'a1b2c3d4-0002-0002-0002-000000000005', '2026-02-10', '2026-03-09', 3000),
  ('00000017-0000-0000-0000-000000000023', 'GYM-MEMBER-000017', 'a1b2c3d4-0001-0001-0001-000000000002', '2025-07-01', '2025-09-29', 5500),
  ('00000018-0000-0000-0000-000000000024', 'GYM-MEMBER-000018', 'a1b2c3d4-0002-0002-0002-000000000007', '2025-07-15', '2026-01-13', 15000),
  ('00000019-0000-0000-0000-000000000025', 'GYM-MEMBER-000019', 'a1b2c3d4-0001-0001-0001-000000000001', '2025-08-01', '2025-08-31', 2000),
  ('00000020-0000-0000-0000-000000000026', 'GYM-MEMBER-000020', 'a1b2c3d4-0002-0002-0002-000000000006', '2025-12-10', '2026-03-10', 8000);

-- ===================== PAYMENTS =====================
INSERT INTO payments (member_id, subscription_id, amount, payment_date, payment_method) VALUES
  ('GYM-MEMBER-000001', '00000001-0000-0000-0000-000000000001', 27000, '2025-01-05', 'cash'),
  ('GYM-MEMBER-000002', '00000002-0000-0000-0000-000000000002', 10000, '2025-01-10', 'bank_transfer'),
  ('GYM-MEMBER-000002', '00000002-0000-0000-0000-000000000003', 10000, '2025-07-10', 'cash'),
  ('GYM-MEMBER-000003', '00000003-0000-0000-0000-000000000004', 8000,  '2025-01-15', 'cash'),
  ('GYM-MEMBER-000003', '00000003-0000-0000-0000-000000000005', 8000,  '2025-04-15', 'cash'),
  ('GYM-MEMBER-000003', '00000003-0000-0000-0000-000000000006', 8000,  '2025-07-15', 'online'),
  ('GYM-MEMBER-000003', '00000003-0000-0000-0000-000000000007', 8000,  '2025-10-14', 'cash'),
  ('GYM-MEMBER-000004', '00000004-0000-0000-0000-000000000008', 18000, '2025-02-01', 'bank_transfer'),
  ('GYM-MEMBER-000005', '00000005-0000-0000-0000-000000000009', 3000,  '2025-02-10', 'cash'),
  ('GYM-MEMBER-000005', '00000005-0000-0000-0000-000000000010', 3000,  '2025-12-01', 'cash'),
  ('GYM-MEMBER-000005', '00000005-0000-0000-0000-000000000011', 3000,  '2026-02-01', 'cash'),
  ('GYM-MEMBER-000006', '00000006-0000-0000-0000-000000000012', 5500,  '2025-12-14', 'cash'),
  ('GYM-MEMBER-000007', '00000007-0000-0000-0000-000000000013', 15000, '2025-09-01', 'bank_transfer'),
  ('GYM-MEMBER-000008', '00000008-0000-0000-0000-000000000014', 2000,  '2026-02-05', 'cash'),
  ('GYM-MEMBER-000009', '00000009-0000-0000-0000-000000000015', 2000,  '2025-03-10', 'cash'),
  ('GYM-MEMBER-000010', '00000010-0000-0000-0000-000000000016', 27000, '2025-03-15', 'bank_transfer'),
  ('GYM-MEMBER-000011', '00000011-0000-0000-0000-000000000017', 10000, '2025-10-01', 'cash'),
  ('GYM-MEMBER-000012', '00000012-0000-0000-0000-000000000018', 8000,  '2025-10-10', 'online'),
  ('GYM-MEMBER-000013', '00000013-0000-0000-0000-000000000019', 2000,  '2026-02-28', 'cash'),
  ('GYM-MEMBER-000014', '00000014-0000-0000-0000-000000000020', 3000,  '2026-01-15', 'cash'),
  ('GYM-MEMBER-000015', '00000015-0000-0000-0000-000000000021', 18000, '2025-06-01', 'bank_transfer'),
  ('GYM-MEMBER-000016', '00000016-0000-0000-0000-000000000022', 3000,  '2026-02-10', 'cash'),
  ('GYM-MEMBER-000017', '00000017-0000-0000-0000-000000000023', 5500,  '2025-07-01', 'cash'),
  ('GYM-MEMBER-000018', '00000018-0000-0000-0000-000000000024', 15000, '2025-07-15', 'online'),
  ('GYM-MEMBER-000019', '00000019-0000-0000-0000-000000000025', 2000,  '2025-08-01', 'cash'),
  ('GYM-MEMBER-000020', '00000020-0000-0000-0000-000000000026', 8000,  '2025-12-10', 'bank_transfer');

-- ===================== ATTENDANCE (Today's) =====================
INSERT INTO attendance (member_id, check_in_time, check_in_date, method, attendance_is_overdue) VALUES
  ('GYM-MEMBER-000001', NOW() - INTERVAL '10 minutes',  CURRENT_DATE, 'barcode', false),
  ('GYM-MEMBER-000002', NOW() - INTERVAL '25 minutes',  CURRENT_DATE, 'manual',  false),
  ('GYM-MEMBER-000003', NOW() - INTERVAL '40 minutes',  CURRENT_DATE, 'barcode', false),
  ('GYM-MEMBER-000004', NOW() - INTERVAL '55 minutes',  CURRENT_DATE, 'manual',  false),
  ('GYM-MEMBER-000005', NOW() - INTERVAL '70 minutes',  CURRENT_DATE, 'barcode', true),
  ('GYM-MEMBER-000006', NOW() - INTERVAL '85 minutes',  CURRENT_DATE, 'manual',  false),
  ('GYM-MEMBER-000007', NOW() - INTERVAL '100 minutes', CURRENT_DATE, 'barcode', false),
  ('GYM-MEMBER-000010', NOW() - INTERVAL '120 minutes', CURRENT_DATE, 'manual',  false),
  ('GYM-MEMBER-000011', NOW() - INTERVAL '135 minutes', CURRENT_DATE, 'barcode', false),
  ('GYM-MEMBER-000015', NOW() - INTERVAL '150 minutes', CURRENT_DATE, 'manual',  false);

-- Past attendance (yesterday)
INSERT INTO attendance (member_id, check_in_time, check_in_date, method, attendance_is_overdue) VALUES
  ('GYM-MEMBER-000001', NOW() - INTERVAL '1 day 2 hours',  CURRENT_DATE - 1, 'barcode', false),
  ('GYM-MEMBER-000003', NOW() - INTERVAL '1 day 3 hours',  CURRENT_DATE - 1, 'manual',  false),
  ('GYM-MEMBER-000004', NOW() - INTERVAL '1 day 4 hours',  CURRENT_DATE - 1, 'barcode', false),
  ('GYM-MEMBER-000008', NOW() - INTERVAL '1 day 5 hours',  CURRENT_DATE - 1, 'manual',  false),
  ('GYM-MEMBER-000010', NOW() - INTERVAL '1 day 1 hour',   CURRENT_DATE - 1, 'barcode', false),
  ('GYM-MEMBER-000015', NOW() - INTERVAL '1 day 90 mins',  CURRENT_DATE - 1, 'manual',  false),
  ('GYM-MEMBER-000020', NOW() - INTERVAL '1 day 120 mins', CURRENT_DATE - 1, 'barcode', false);

-- ===================== VIOLATIONS =====================
INSERT INTO membership_violations (member_id, subscription_id, overdue_days, recorded_date) VALUES
  ('GYM-MEMBER-000009', '00000009-0000-0000-0000-000000000015', 12, '2025-04-21'),
  ('GYM-MEMBER-000017', '00000017-0000-0000-0000-000000000023', 8,  '2025-10-07'),
  ('GYM-MEMBER-000019', '00000019-0000-0000-0000-000000000025', 15, '2025-09-15'),
  ('GYM-MEMBER-000005', '00000005-0000-0000-0000-000000000009', 5,  '2025-03-14');
